frame_no,sequence,index,bytesused,buffer_length,flags_hex,flags_text,v4l2_ts_sec,v4l2_ts_usec,host_dq_ms,host_delta_ms,v4l2_delta_ms
1,0,0,614400,614400,0x00012001,"0x00012001|TS_MONOTONIC|SRC_SOE",269108,583279,337.675,-1.000,-1.000
2,1,1,614400,614400,0x00012001,"0x00012001|TS_MONOTONIC|SRC_SOE",269108,803278,556.945,219.271,219.999
3,2,2,614400,614400,0x00012001,"0x00012001|TS_MONOTONIC|SRC_SOE",269109,3448,757.410,200.465,200.170
4,3,3,614400,614400,0x00012001,"0x00012001|TS_MONOTONIC|SRC_SOE",269109,207308,960.577,203.167,203.860
5,4,0,614400,614400,0x00012001,"0x00012001|TS_MONOTONIC|SRC_SOE",269109,407292,1161.541,200.965,199.984
6,5,1,614400,614400,0x00012001,"0x00012001|TS_MONOTONIC|SRC_SOE",269109,611298,1365.094,203.552,204.006
7,6,2,614400,614400,0x00012001,"0x00012001|TS_MONOTONIC|SRC_SOE",269109,815301,1568.933,203.839,204.003
8,7,3,614400,614400,0x00012001,"0x00012001|TS_MONOTONIC|SRC_SOE",269110,15314,1769.444,200.511,200.013
9,8,0,614400,614400,0x00012001,"0x00012001|TS_MONOTONIC|SRC_SOE",269110,219313,1973.109,203.665,203.999
10,9,1,614400,614400,0x00012001,"0x00012001|TS_MONOTONIC|SRC_SOE",269110,419320,2173.627,200.518,200.007
11,10,2,614400,614400,0x00012001,"0x00012001|TS_MONOTONIC|SRC_SOE",269110,623313,2377.335,203.708,203.993
12,11,3,614400,614400,0x00012001,"0x00012001|TS_MONOTONIC|SRC_SOE",269110,827330,2581.018,203.682,204.017
13,12,0,614400,614400,0x00012001,"0x00012001|TS_MONOTONIC|SRC_SOE",269111,27338,2781.520,200.502,200.008
14,13,1,614400,614400,0x00012001,"0x00012001|TS_MONOTONIC|SRC_SOE",269111,231342,2985.380,203.860,204.004
15,14,2,614400,614400,0x00012001,"0x00012001|TS_MONOTONIC|SRC_SOE",269111,431271,3185.671,200.291,199.929
16,15,3,614400,614400,0x00012001,"0x00012001|TS_MONOTONIC|SRC_SOE",269111,635410,3388.970,203.299,204.139
17,16,0,614400,614400,0x00012001,"0x00012001|TS_MONOTONIC|SRC_SOE",269111,839366,3592.950,203.980,203.956
18,17,1,614400,614400,0x00012001,"0x00012001|TS_MONOTONIC|SRC_SOE",269112,39373,3793.431,200.481,200.007
19,18,2,614400,614400,0x00012001,"0x00012001|TS_MONOTONIC|SRC_SOE",269112,243378,3997.213,203.782,204.005
20,19,3,614400,614400,0x00012001,"0x00012001|TS_MONOTONIC|SRC_SOE",269112,443312,4197.758,200.545,199.934
21,20,0,614400,614400,0x00012001,"0x00012001|TS_MONOTONIC|SRC_SOE",269112,647389,4401.428,203.670,204.077
22,21,1,614400,614400,0x00012001,"0x00012001|TS_MONOTONIC|SRC_SOE",269112,851394,4605.061,203.633,204.005
23,22,2,614400,614400,0x00012001,"0x00012001|TS_MONOTONIC|SRC_SOE",269113,51423,4805.573,200.512,200.029
24,23,3,614400,614400,0x00012001,"0x00012001|TS_MONOTONIC|SRC_SOE",269113,255407,5009.248,203.676,203.984
25,24,0,614400,614400,0x00012001,"0x00012001|TS_MONOTONIC|SRC_SOE",269113,455414,5209.747,200.499,200.007
26,25,1,614400,614400,0x00012001,"0x00012001|TS_MONOTONIC|SRC_SOE",269113,659327,5413.424,203.677,203.913
27,26,2,614400,614400,0x00012001,"0x00012001|TS_MONOTONIC|SRC_SOE",269113,863417,5616.995,203.571,204.090
28,27,3,614400,614400,0x00012001,"0x00012001|TS_MONOTONIC|SRC_SOE",269114,63431,5817.525,200.530,200.014
29,28,0,614400,614400,0x00012001,"0x00012001|TS_MONOTONIC|SRC_SOE",269114,267429,6021.214,203.689,203.998
30,29,1,614400,614400,0x00012001,"0x00012001|TS_MONOTONIC|SRC_SOE",269114,467442,6221.734,200.520,200.013
31,30,2,614400,614400,0x00012001,"0x00012001|TS_MONOTONIC|SRC_SOE",269114,671447,6425.377,203.644,204.005
32,31,3,614400,614400,0x00012001,"0x00012001|TS_MONOTONIC|SRC_SOE",269114,875452,6629.067,203.690,204.005
33,32,0,614400,614400,0x00012001,"0x00012001|TS_MONOTONIC|SRC_SOE",269115,75460,6829.523,200.456,200.008
34,33,1,614400,614400,0x00012001,"0x00012001|TS_MONOTONIC|SRC_SOE",269115,279459,7033.199,203.676,203.999
35,34,2,614400,614400,0x00012001,"0x00012001|TS_MONOTONIC|SRC_SOE",269115,479467,7233.763,200.563,200.008
36,35,3,614400,614400,0x00012001,"0x00012001|TS_MONOTONIC|SRC_SOE",269115,683477,7437.198,203.435,204.010
37,36,0,614400,614400,0x00012001,"0x00012001|TS_MONOTONIC|SRC_SOE",269115,887481,7641.225,204.028,204.004
38,37,1,614400,614400,0x00012001,"0x00012001|TS_MONOTONIC|SRC_SOE",269116,87489,7841.745,200.520,200.008
39,38,2,614400,614400,0x00012001,"0x00012001|TS_MONOTONIC|SRC_SOE",269116,291524,8045.320,203.575,204.035
40,39,3,614400,614400,0x00012001,"0x00012001|TS_MONOTONIC|SRC_SOE",269116,491501,8245.794,200.474,199.977
41,40,0,614400,614400,0x00012001,"0x00012001|TS_MONOTONIC|SRC_SOE",269116,695501,8449.557,203.763,204.000
42,41,1,614400,614400,0x00012001,"0x00012001|TS_MONOTONIC|SRC_SOE",269116,899511,8653.195,203.638,204.010
43,42,2,614400,614400,0x00012001,"0x00012001|TS_MONOTONIC|SRC_SOE",269117,99518,8853.741,200.546,200.007
44,43,3,614400,614400,0x00012001,"0x00012001|TS_MONOTONIC|SRC_SOE",269117,303524,9057.412,203.671,204.006
45,44,0,614400,614400,0x00012001,"0x00012001|TS_MONOTONIC|SRC_SOE",269117,503527,9257.884,200.472,200.003
46,45,1,614400,614400,0x00012001,"0x00012001|TS_MONOTONIC|SRC_SOE",269117,707451,9461.614,203.730,203.924
47,46,2,614400,614400,0x00012001,"0x00012001|TS_MONOTONIC|SRC_SOE",269117,911541,9665.255,203.641,204.090
48,47,3,614400,614400,0x00012001,"0x00012001|TS_MONOTONIC|SRC_SOE",269118,111557,9865.790,200.535,200.016
49,48,0,614400,614400,0x00012001,"0x00012001|TS_MONOTONIC|SRC_SOE",269118,315552,10069.454,203.664,203.995
50,49,1,614400,614400,0x00012001,"0x00012001|TS_MONOTONIC|SRC_SOE",269118,515553,10269.956,200.501,200.001
51,50,2,614400,614400,0x00012001,"0x00012001|TS_MONOTONIC|SRC_SOE",269118,719558,10473.367,203.412,204.005
52,51,3,614400,614400,0x00012001,"0x00012001|TS_MONOTONIC|SRC_SOE",269118,923515,10677.289,203.921,203.957
53,52,0,614400,614400,0x00012001,"0x00012001|TS_MONOTONIC|SRC_SOE",269119,123576,10877.836,200.547,200.061
54,53,1,614400,614400,0x00012001,"0x00012001|TS_MONOTONIC|SRC_SOE",269119,327581,11081.533,203.697,204.005
55,54,2,614400,614400,0x00012001,"0x00012001|TS_MONOTONIC|SRC_SOE",269119,531585,11285.149,203.615,204.004
56,55,3,614400,614400,0x00012001,"0x00012001|TS_MONOTONIC|SRC_SOE",269119,731586,11485.693,200.544,200.001
57,56,0,614400,614400,0x00012001,"0x00012001|TS_MONOTONIC|SRC_SOE",269119,935598,11689.320,203.627,204.012
58,57,1,614400,614400,0x00012001,"0x00012001|TS_MONOTONIC|SRC_SOE",269120,135605,11889.857,200.537,200.007
59,58,2,614400,614400,0x00012001,"0x00012001|TS_MONOTONIC|SRC_SOE",269120,339610,12093.521,203.664,204.005
60,59,3,614400,614400,0x00012001,"0x00012001|TS_MONOTONIC|SRC_SOE",269120,543615,12297.173,203.653,204.005
61,60,0,614400,614400,0x00012001,"0x00012001|TS_MONOTONIC|SRC_SOE",269120,743622,12497.730,200.556,200.007
62,61,1,614400,614400,0x00012001,"0x00012001|TS_MONOTONIC|SRC_SOE",269120,947644,12701.455,203.725,204.022
63,62,2,614400,614400,0x00012001,"0x00012001|TS_MONOTONIC|SRC_SOE",269121,147543,12901.947,200.492,199.899
64,63,3,614400,614400,0x00012001,"0x00012001|TS_MONOTONIC|SRC_SOE",269121,351640,13105.574,203.628,204.097
65,64,0,614400,614400,0x00012001,"0x00012001|TS_MONOTONIC|SRC_SOE",269121,555644,13309.297,203.722,204.004
66,65,1,614400,614400,0x00012001,"0x00012001|TS_MONOTONIC|SRC_SOE",269121,755545,13509.754,200.457,199.901
67,66,2,614400,614400,0x00012001,"0x00012001|TS_MONOTONIC|SRC_SOE",269121,959650,13713.403,203.649,204.105
68,67,3,614400,614400,0x00012001,"0x00012001|TS_MONOTONIC|SRC_SOE",269122,159657,13913.929,200.526,200.007
69,68,0,614400,614400,0x00012001,"0x00012001|TS_MONOTONIC|SRC_SOE",269122,363668,14117.669,203.740,204.011
70,69,1,614400,614400,0x00012001,"0x00012001|TS_MONOTONIC|SRC_SOE",269122,567667,14321.280,203.612,203.999
71,70,2,614400,614400,0x00012001,"0x00012001|TS_MONOTONIC|SRC_SOE",269122,767613,14521.701,200.420,199.946
72,71,3,614400,614400,0x00012001,"0x00012001|TS_MONOTONIC|SRC_SOE",269122,971685,14725.370,203.669,204.072
73,72,0,614400,614400,0x00012001,"0x00012001|TS_MONOTONIC|SRC_SOE",269123,171687,14926.004,200.634,200.002
74,73,1,614400,614400,0x00012001,"0x00012001|TS_MONOTONIC|SRC_SOE",269123,375697,15129.669,203.665,204.010
75,74,2,614400,614400,0x00012001,"0x00012001|TS_MONOTONIC|SRC_SOE",269123,579696,15333.404,203.735,203.999
76,75,3,614400,614400,0x00012001,"0x00012001|TS_MONOTONIC|SRC_SOE",269123,779703,15533.825,200.422,200.007
77,76,0,614400,614400,0x00012001,"0x00012001|TS_MONOTONIC|SRC_SOE",269123,983715,15737.499,203.674,204.012
78,77,1,614400,614400,0x00012001,"0x00012001|TS_MONOTONIC|SRC_SOE",269124,183717,15937.414,199.915,200.002
79,78,2,614400,614400,0x00012001,"0x00012001|TS_MONOTONIC|SRC_SOE",269124,387727,16141.701,204.287,204.010
80,79,3,614400,614400,0x00012001,"0x00012001|TS_MONOTONIC|SRC_SOE",269124,591734,16345.356,203.655,204.007
81,80,0,614400,614400,0x00012001,"0x00012001|TS_MONOTONIC|SRC_SOE",269124,791737,16545.875,200.519,200.003
82,81,1,614400,614400,0x00012001,"0x00012001|TS_MONOTONIC|SRC_SOE",269124,995744,16749.524,203.649,204.007
83,82,2,614400,614400,0x00012001,"0x00012001|TS_MONOTONIC|SRC_SOE",269125,195751,16950.053,200.529,200.007
84,83,3,614400,614400,0x00012001,"0x00012001|TS_MONOTONIC|SRC_SOE",269125,399773,17153.655,203.603,204.022
85,84,0,614400,614400,0x00012001,"0x00012001|TS_MONOTONIC|SRC_SOE",269125,603759,17357.305,203.650,203.986
86,85,1,614400,614400,0x00012001,"0x00012001|TS_MONOTONIC|SRC_SOE",269125,803765,17557.835,200.531,200.006
87,86,2,614400,614400,0x00012001,"0x00012001|TS_MONOTONIC|SRC_SOE",269126,7767,17761.580,203.745,204.002
88,87,3,614400,614400,0x00012001,"0x00012001|TS_MONOTONIC|SRC_SOE",269126,207775,17962.121,200.540,200.008
89,88,0,614400,614400,0x00012001,"0x00012001|TS_MONOTONIC|SRC_SOE",269126,411779,18165.660,203.539,204.004
90,89,1,614400,614400,0x00012001,"0x00012001|TS_MONOTONIC|SRC_SOE",269126,615783,18369.190,203.531,204.004
91,90,2,614400,614400,0x00012001,"0x00012001|TS_MONOTONIC|SRC_SOE",269126,815791,18569.843,200.653,200.008
92,91,3,614400,614400,0x00012001,"0x00012001|TS_MONOTONIC|SRC_SOE",269127,19796,18773.519,203.676,204.005
93,92,0,614400,614400,0x00012001,"0x00012001|TS_MONOTONIC|SRC_SOE",269127,219804,18974.048,200.529,200.008
94,93,1,614400,614400,0x00012001,"0x00012001|TS_MONOTONIC|SRC_SOE",269127,423808,19177.730,203.682,204.004
95,94,2,614400,614400,0x00012001,"0x00012001|TS_MONOTONIC|SRC_SOE",269127,627813,19381.510,203.779,204.005
96,95,3,614400,614400,0x00012001,"0x00012001|TS_MONOTONIC|SRC_SOE",269127,827820,19581.899,200.389,200.007
97,96,0,614400,614400,0x00012001,"0x00012001|TS_MONOTONIC|SRC_SOE",269128,31824,19785.583,203.684,204.004
98,97,1,614400,614400,0x00012001,"0x00012001|TS_MONOTONIC|SRC_SOE",269128,231832,19986.111,200.528,200.008
99,98,2,614400,614400,0x00012001,"0x00012001|TS_MONOTONIC|SRC_SOE",269128,435836,20189.873,203.761,204.004
100,99,3,614400,614400,0x00012001,"0x00012001|TS_MONOTONIC|SRC_SOE",269128,639848,20393.549,203.676,204.012
101,100,0,614400,614400,0x00012001,"0x00012001|TS_MONOTONIC|SRC_SOE",269128,839882,20593.916,200.367,200.034
102,101,1,614400,614400,0x00012001,"0x00012001|TS_MONOTONIC|SRC_SOE",269129,43881,20797.714,203.798,203.999
103,102,2,614400,614400,0x00012001,"0x00012001|TS_MONOTONIC|SRC_SOE",269129,243868,20998.180,200.466,199.987
104,103,3,614400,614400,0x00012001,"0x00012001|TS_MONOTONIC|SRC_SOE",269129,447866,21202.002,203.822,203.998
105,104,0,614400,614400,0x00012001,"0x00012001|TS_MONOTONIC|SRC_SOE",269129,651751,21405.136,203.134,203.885
106,105,1,614400,614400,0x00012001,"0x00012001|TS_MONOTONIC|SRC_SOE",269129,851844,21605.463,200.326,200.093
107,106,2,614400,614400,0x00012001,"0x00012001|TS_MONOTONIC|SRC_SOE",269130,67845,21821.468,216.006,216.001
108,107,3,614400,614400,0x00012001,"0x00012001|TS_MONOTONIC|SRC_SOE",269130,287896,22041.616,220.148,220.051
109,108,0,614400,614400,0x00012001,"0x00012001|TS_MONOTONIC|SRC_SOE",269130,487903,22242.149,200.533,200.007
110,109,1,614400,614400,0x00012001,"0x00012001|TS_MONOTONIC|SRC_SOE",269130,691841,22445.251,203.102,203.938
111,110,2,614400,614400,0x00012001,"0x00012001|TS_MONOTONIC|SRC_SOE",269130,895912,22649.487,204.236,204.071
112,111,3,614400,614400,0x00012001,"0x00012001|TS_MONOTONIC|SRC_SOE",269131,95920,22850.000,200.513,200.008
113,112,0,614400,614400,0x00012001,"0x00012001|TS_MONOTONIC|SRC_SOE",269131,311904,23066.169,216.169,215.984
114,113,1,614400,614400,0x00012001,"0x00012001|TS_MONOTONIC|SRC_SOE",269131,531931,23285.533,219.364,220.027
115,114,2,614400,614400,0x00012001,"0x00012001|TS_MONOTONIC|SRC_SOE",269131,731852,23486.063,200.530,199.921
116,115,3,614400,614400,0x00012001,"0x00012001|TS_MONOTONIC|SRC_SOE",269131,935943,23689.733,203.670,204.091
117,116,0,614400,614400,0x00012001,"0x00012001|TS_MONOTONIC|SRC_SOE",269132,135950,23890.237,200.504,200.007
118,117,1,614400,614400,0x00012001,"0x00012001|TS_MONOTONIC|SRC_SOE",269132,339956,24093.923,203.686,204.006
119,118,2,614400,614400,0x00012001,"0x00012001|TS_MONOTONIC|SRC_SOE",269132,543961,24297.632,203.709,204.005
120,119,3,614400,614400,0x00012001,"0x00012001|TS_MONOTONIC|SRC_SOE",269132,743925,24497.761,200.128,199.964
121,120,0,614400,614400,0x00012001,"0x00012001|TS_MONOTONIC|SRC_SOE",269132,947901,24701.377,203.617,203.976
122,121,1,614400,614400,0x00012001,"0x00012001|TS_MONOTONIC|SRC_SOE",269133,147872,24902.272,200.894,199.971
123,122,2,614400,614400,0x00012001,"0x00012001|TS_MONOTONIC|SRC_SOE",269133,351983,25105.941,203.669,204.111
124,123,3,614400,614400,0x00012001,"0x00012001|TS_MONOTONIC|SRC_SOE",269133,555989,25309.608,203.667,204.006
125,124,0,614400,614400,0x00012001,"0x00012001|TS_MONOTONIC|SRC_SOE",269133,755996,25510.146,200.538,200.007
126,125,1,614400,614400,0x00012001,"0x00012001|TS_MONOTONIC|SRC_SOE",269133,959907,25713.802,203.656,203.911
127,126,2,614400,614400,0x00012001,"0x00012001|TS_MONOTONIC|SRC_SOE",269134,176007,25929.975,216.173,216.100
128,127,3,614400,614400,0x00012001,"0x00012001|TS_MONOTONIC|SRC_SOE",269134,392014,26146.202,216.227,216.007
129,128,0,614400,614400,0x00012001,"0x00012001|TS_MONOTONIC|SRC_SOE",269134,596019,26349.861,203.659,204.005
130,129,1,614400,614400,0x00012001,"0x00012001|TS_MONOTONIC|SRC_SOE",269134,796026,26550.384,200.523,200.007
131,130,2,614400,614400,0x00012001,"0x00012001|TS_MONOTONIC|SRC_SOE",269134,999980,26754.065,203.681,203.954
132,131,3,614400,614400,0x00012001,"0x00012001|TS_MONOTONIC|SRC_SOE",269135,204036,26957.724,203.659,204.056
133,132,0,614400,614400,0x00012001,"0x00012001|TS_MONOTONIC|SRC_SOE",269135,403968,27158.279,200.555,199.932
134,133,1,614400,614400,0x00012001,"0x00012001|TS_MONOTONIC|SRC_SOE",269135,608042,27361.489,203.210,204.074
135,134,2,614400,614400,0x00012001,"0x00012001|TS_MONOTONIC|SRC_SOE",269135,824057,27578.174,216.685,216.015
136,135,3,614400,614400,0x00012001,"0x00012001|TS_MONOTONIC|SRC_SOE",269136,40059,27794.362,216.189,216.002
137,136,0,614400,614400,0x00012001,"0x00012001|TS_MONOTONIC|SRC_SOE",269136,244062,27998.044,203.682,204.003
138,137,1,614400,614400,0x00012001,"0x00012001|TS_MONOTONIC|SRC_SOE",269136,448071,28201.668,203.624,204.009
139,138,2,614400,614400,0x00012001,"0x00012001|TS_MONOTONIC|SRC_SOE",269136,648079,28402.158,200.490,200.008
140,139,3,614400,614400,0x00012001,"0x00012001|TS_MONOTONIC|SRC_SOE",269136,852064,28605.509,203.351,203.985
141,140,0,614400,614400,0x00012001,"0x00012001|TS_MONOTONIC|SRC_SOE",269137,68084,28822.048,216.539,216.020
142,141,1,614400,614400,0x00012001,"0x00012001|TS_MONOTONIC|SRC_SOE",269137,284097,29038.271,216.223,216.013
143,142,2,614400,614400,0x00012001,"0x00012001|TS_MONOTONIC|SRC_SOE",269137,488102,29241.900,203.629,204.005
144,143,3,614400,614400,0x00012001,"0x00012001|TS_MONOTONIC|SRC_SOE",269137,688109,29442.304,200.404,200.007
145,144,0,614400,614400,0x00012001,"0x00012001|TS_MONOTONIC|SRC_SOE",269137,908113,29661.753,219.448,220.004
146,145,1,614400,614400,0x00012001,"0x00012001|TS_MONOTONIC|SRC_SOE",269138,124120,29878.018,216.265,216.007
147,146,2,614400,614400,0x00012001,"0x00012001|TS_MONOTONIC|SRC_SOE",269138,324128,30078.543,200.525,200.008
148,147,3,614400,614400,0x00012001,"0x00012001|TS_MONOTONIC|SRC_SOE",269138,528132,30282.152,203.609,204.004
149,148,0,614400,614400,0x00012001,"0x00012001|TS_MONOTONIC|SRC_SOE",269138,732137,30485.846,203.693,204.005
150,149,1,614400,614400,0x00012001,"0x00012001|TS_MONOTONIC|SRC_SOE",269138,932144,30686.272,200.426,200.007
151,150,2,614400,614400,0x00012001,"0x00012001|TS_MONOTONIC|SRC_SOE",269139,148151,30902.421,216.150,216.007
152,151,3,614400,614400,0x00012001,"0x00012001|TS_MONOTONIC|SRC_SOE",269139,368156,31121.859,219.438,220.005
153,152,0,614400,614400,0x00012001,"0x00012001|TS_MONOTONIC|SRC_SOE",269139,568163,31322.418,200.559,200.007
154,153,1,614400,614400,0x00012001,"0x00012001|TS_MONOTONIC|SRC_SOE",269139,772168,31526.069,203.651,204.005
155,154,2,614400,614400,0x00012001,"0x00012001|TS_MONOTONIC|SRC_SOE",269139,976173,31726.610,200.541,204.005
156,155,3,614400,614400,0x00012001,"0x00012001|TS_MONOTONIC|SRC_SOE",269140,176110,31930.241,203.631,199.937
157,156,0,614400,614400,0x00012001,"0x00012001|TS_MONOTONIC|SRC_SOE",269140,392187,32146.432,216.190,216.077
158,157,1,614400,614400,0x00012001,"0x00012001|TS_MONOTONIC|SRC_SOE",269140,612185,32365.788,219.357,219.998
159,158,2,614400,614400,0x00012001,"0x00012001|TS_MONOTONIC|SRC_SOE",269140,812198,32566.291,200.503,200.013
160,159,3,614400,614400,0x00012001,"0x00012001|TS_MONOTONIC|SRC_SOE",269141,16204,32769.971,203.680,204.006
161,160,0,614400,614400,0x00012001,"0x00012001|TS_MONOTONIC|SRC_SOE",269141,216204,32970.491,200.520,200.000
162,161,1,614400,614400,0x00012001,"0x00012001|TS_MONOTONIC|SRC_SOE",269141,420219,33174.170,203.679,204.015
163,162,2,614400,614400,0x00012001,"0x00012001|TS_MONOTONIC|SRC_SOE",269141,636166,33390.035,215.865,215.947
164,163,3,614400,614400,0x00012001,"0x00012001|TS_MONOTONIC|SRC_SOE",269141,852223,33606.509,216.474,216.057
165,164,0,614400,614400,0x00012001,"0x00012001|TS_MONOTONIC|SRC_SOE",269142,56228,33810.128,203.619,204.005
166,165,1,614400,614400,0x00012001,"0x00012001|TS_MONOTONIC|SRC_SOE",269142,260232,34013.808,203.680,204.004
167,166,2,614400,614400,0x00012001,"0x00012001|TS_MONOTONIC|SRC_SOE",269142,460241,34214.371,200.562,200.009
168,167,3,614400,614400,0x00012001,"0x00012001|TS_MONOTONIC|SRC_SOE",269142,664245,34418.068,203.697,204.004
169,168,0,614400,614400,0x00012001,"0x00012001|TS_MONOTONIC|SRC_SOE",269142,880258,34634.179,216.112,216.013
170,169,1,614400,614400,0x00012001,"0x00012001|TS_MONOTONIC|SRC_SOE",269143,96264,34850.388,216.208,216.006
171,170,2,614400,614400,0x00012001,"0x00012001|TS_MONOTONIC|SRC_SOE",269143,300273,35054.054,203.666,204.009
172,171,3,614400,614400,0x00012001,"0x00012001|TS_MONOTONIC|SRC_SOE",269143,500277,35254.611,200.557,200.004
173,172,0,614400,614400,0x00012001,"0x00012001|TS_MONOTONIC|SRC_SOE",269143,704282,35458.286,203.675,204.005
174,173,1,614400,614400,0x00012001,"0x00012001|TS_MONOTONIC|SRC_SOE",269143,908286,35661.936,203.650,204.004
175,174,2,614400,614400,0x00012001,"0x00012001|TS_MONOTONIC|SRC_SOE",269144,124293,35878.154,216.218,216.007
176,175,3,614400,614400,0x00012001,"0x00012001|TS_MONOTONIC|SRC_SOE",269144,340293,36094.523,216.369,216.000
177,176,0,614400,614400,0x00012001,"0x00012001|TS_MONOTONIC|SRC_SOE",269144,544296,36297.932,203.409,204.003
178,177,1,614400,614400,0x00012001,"0x00012001|TS_MONOTONIC|SRC_SOE",269144,744311,36498.503,200.571,200.015
179,178,2,614400,614400,0x00012001,"0x00012001|TS_MONOTONIC|SRC_SOE",269144,948237,36701.761,203.259,203.926
180,179,3,614400,614400,0x00012001,"0x00012001|TS_MONOTONIC|SRC_SOE",269145,152305,36905.850,204.088,204.068
181,180,0,614400,614400,0x00012001,"0x00012001|TS_MONOTONIC|SRC_SOE",269145,368344,37122.115,216.265,216.039
182,181,1,614400,614400,0x00012001,"0x00012001|TS_MONOTONIC|SRC_SOE",269145,584336,37338.432,216.318,215.992
183,182,2,614400,614400,0x00012001,"0x00012001|TS_MONOTONIC|SRC_SOE",269145,788340,37541.980,203.547,204.004
184,183,3,614400,614400,0x00012001,"0x00012001|TS_MONOTONIC|SRC_SOE",269145,988347,37742.493,200.513,200.007
185,184,0,614400,614400,0x00012001,"0x00012001|TS_MONOTONIC|SRC_SOE",269146,192352,37946.204,203.711,204.005
186,185,1,614400,614400,0x00012001,"0x00012001|TS_MONOTONIC|SRC_SOE",269146,392354,38146.679,200.475,200.002
187,186,2,614400,614400,0x00012001,"0x00012001|TS_MONOTONIC|SRC_SOE",269146,612357,38366.014,219.335,220.003
188,187,3,614400,614400,0x00012001,"0x00012001|TS_MONOTONIC|SRC_SOE",269146,828371,38582.227,216.213,216.014
189,188,0,614400,614400,0x00012001,"0x00012001|TS_MONOTONIC|SRC_SOE",269147,28372,38782.735,200.508,200.001
190,189,1,614400,614400,0x00012001,"0x00012001|TS_MONOTONIC|SRC_SOE",269147,232376,38986.407,203.672,204.004
191,190,2,614400,614400,0x00012001,"0x00012001|TS_MONOTONIC|SRC_SOE",269147,436303,39190.081,203.674,203.927
192,191,3,614400,614400,0x00012001,"0x00012001|TS_MONOTONIC|SRC_SOE",269147,636431,39390.261,200.180,200.128
193,192,0,614400,614400,0x00012001,"0x00012001|TS_MONOTONIC|SRC_SOE",269147,856393,39606.727,216.467,219.962
194,193,1,614400,614400,0x00012001,"0x00012001|TS_MONOTONIC|SRC_SOE",269148,72399,39826.076,219.349,216.006
195,194,2,614400,614400,0x00012001,"0x00012001|TS_MONOTONIC|SRC_SOE",269148,272412,40026.583,200.506,200.013
196,195,3,614400,614400,0x00012001,"0x00012001|TS_MONOTONIC|SRC_SOE",269148,476413,40230.248,203.666,204.001
197,196,0,614400,614400,0x00012001,"0x00012001|TS_MONOTONIC|SRC_SOE",269148,680423,40434.000,203.752,204.010
198,197,1,614400,614400,0x00012001,"0x00012001|TS_MONOTONIC|SRC_SOE",269148,880431,40634.582,200.582,200.008
199,198,2,614400,614400,0x00012001,"0x00012001|TS_MONOTONIC|SRC_SOE",269149,84434,40838.202,203.620,204.003
200,199,3,614400,614400,0x00012001,"0x00012001|TS_MONOTONIC|SRC_SOE",269149,284442,41038.714,200.512,200.008
201,200,0,614400,614400,0x00012001,"0x00012001|TS_MONOTONIC|SRC_SOE",269149,504440,41258.052,219.338,219.998
202,201,1,614400,614400,0x00012001,"0x00012001|TS_MONOTONIC|SRC_SOE",269149,720453,41474.292,216.240,216.013
203,202,2,614400,614400,0x00012001,"0x00012001|TS_MONOTONIC|SRC_SOE",269149,920460,41674.731,200.440,200.007
204,203,3,614400,614400,0x00012001,"0x00012001|TS_MONOTONIC|SRC_SOE",269150,124466,41878.439,203.707,204.006
205,204,0,614400,614400,0x00012001,"0x00012001|TS_MONOTONIC|SRC_SOE",269150,328469,42082.001,203.562,204.003
206,205,1,614400,614400,0x00012001,"0x00012001|TS_MONOTONIC|SRC_SOE",269150,528471,42282.542,200.541,200.002
207,206,2,614400,614400,0x00012001,"0x00012001|TS_MONOTONIC|SRC_SOE",269150,744478,42498.736,216.194,216.007
208,207,3,614400,614400,0x00012001,"0x00012001|TS_MONOTONIC|SRC_SOE",269150,964489,42718.175,219.439,220.011
209,208,0,614400,614400,0x00012001,"0x00012001|TS_MONOTONIC|SRC_SOE",269151,164497,42918.783,200.608,200.008
210,209,1,614400,614400,0x00012001,"0x00012001|TS_MONOTONIC|SRC_SOE",269151,368500,43122.285,203.502,204.003
211,210,2,614400,614400,0x00012001,"0x00012001|TS_MONOTONIC|SRC_SOE",269151,568508,43322.887,200.602,200.008
212,211,3,614400,614400,0x00012001,"0x00012001|TS_MONOTONIC|SRC_SOE",269151,772512,43526.545,203.658,204.004
213,212,0,614400,614400,0x00012001,"0x00012001|TS_MONOTONIC|SRC_SOE",269151,976519,43730.212,203.668,204.007
214,213,1,614400,614400,0x00012001,"0x00012001|TS_MONOTONIC|SRC_SOE",269152,176525,43930.723,200.511,200.006
215,214,2,614400,614400,0x00012001,"0x00012001|TS_MONOTONIC|SRC_SOE",269152,392531,44146.990,216.266,216.006
216,215,3,614400,614400,0x00012001,"0x00012001|TS_MONOTONIC|SRC_SOE",269152,612468,44366.278,219.288,219.937
217,216,0,614400,614400,0x00012001,"0x00012001|TS_MONOTONIC|SRC_SOE",269152,812543,44566.807,200.529,200.075
218,217,1,614400,614400,0x00012001,"0x00012001|TS_MONOTONIC|SRC_SOE",269153,16549,44770.463,203.656,204.006
219,218,2,614400,614400,0x00012001,"0x00012001|TS_MONOTONIC|SRC_SOE",269153,220553,44974.133,203.670,204.004
220,219,3,614400,614400,0x00012001,"0x00012001|TS_MONOTONIC|SRC_SOE",269153,420581,45174.723,200.590,200.028
221,220,0,614400,614400,0x00012001,"0x00012001|TS_MONOTONIC|SRC_SOE",269153,624550,45377.944,203.220,203.969
222,221,1,614400,614400,0x00012001,"0x00012001|TS_MONOTONIC|SRC_SOE",269153,824573,45578.839,200.896,200.023
223,222,2,614400,614400,0x00012001,"0x00012001|TS_MONOTONIC|SRC_SOE",269154,44577,45798.219,219.379,220.004
224,223,3,614400,614400,0x00012001,"0x00012001|TS_MONOTONIC|SRC_SOE",269154,260584,46014.384,216.165,216.007
225,224,0,614400,614400,0x00012001,"0x00012001|TS_MONOTONIC|SRC_SOE",269154,460592,46214.972,200.588,200.008
226,225,1,614400,614400,0x00012001,"0x00012001|TS_MONOTONIC|SRC_SOE",269154,664596,46418.725,203.753,204.004
227,226,2,614400,614400,0x00012001,"0x00012001|TS_MONOTONIC|SRC_SOE",269154,868600,46622.236,203.511,204.004
228,227,3,614400,614400,0x00012001,"0x00012001|TS_MONOTONIC|SRC_SOE",269155,68607,46822.766,200.531,200.007
229,228,0,614400,614400,0x00012001,"0x00012001|TS_MONOTONIC|SRC_SOE",269155,272612,47026.432,203.666,204.005
230,229,1,614400,614400,0x00012001,"0x00012001|TS_MONOTONIC|SRC_SOE",269155,472620,47226.925,200.492,200.008
231,230,2,614400,614400,0x00012001,"0x00012001|TS_MONOTONIC|SRC_SOE",269155,676628,47430.485,203.561,204.008
232,231,3,614400,614400,0x00012001,"0x00012001|TS_MONOTONIC|SRC_SOE",269155,880625,47634.187,203.701,203.997
233,232,0,614400,614400,0x00012001,"0x00012001|TS_MONOTONIC|SRC_SOE",269156,80634,47834.749,200.562,200.009
234,233,1,614400,614400,0x00012001,"0x00012001|TS_MONOTONIC|SRC_SOE",269156,284636,48038.395,203.646,204.002
235,234,2,614400,614400,0x00012001,"0x00012001|TS_MONOTONIC|SRC_SOE",269156,484643,48239.002,200.607,200.007
236,235,3,614400,614400,0x00012001,"0x00012001|TS_MONOTONIC|SRC_SOE",269156,688648,48442.648,203.645,204.005
237,236,0,614400,614400,0x00012001,"0x00012001|TS_MONOTONIC|SRC_SOE",269156,904655,48658.837,216.189,216.007
238,237,1,614400,614400,0x00012001,"0x00012001|TS_MONOTONIC|SRC_SOE",269157,120667,48875.115,216.278,216.012
239,238,2,614400,614400,0x00012001,"0x00012001|TS_MONOTONIC|SRC_SOE",269157,324667,49078.725,203.610,204.000
240,239,3,614400,614400,0x00012001,"0x00012001|TS_MONOTONIC|SRC_SOE",269157,528672,49282.398,203.673,204.005
241,240,0,614400,614400,0x00012001,"0x00012001|TS_MONOTONIC|SRC_SOE",269157,728678,49482.924,200.526,200.006
242,241,1,614400,614400,0x00012001,"0x00012001|TS_MONOTONIC|SRC_SOE",269157,932690,49686.580,203.657,204.012
243,242,2,614400,614400,0x00012001,"0x00012001|TS_MONOTONIC|SRC_SOE",269158,132691,49887.091,200.511,200.001
244,243,3,614400,614400,0x00012001,"0x00012001|TS_MONOTONIC|SRC_SOE",269158,336701,50090.770,203.679,204.010
245,244,0,614400,614400,0x00012001,"0x00012001|TS_MONOTONIC|SRC_SOE",269158,552708,50306.948,216.177,216.007
246,245,1,614400,614400,0x00012001,"0x00012001|TS_MONOTONIC|SRC_SOE",269158,772666,50526.311,219.363,219.958
247,246,2,614400,614400,0x00012001,"0x00012001|TS_MONOTONIC|SRC_SOE",269158,972721,50726.832,200.521,200.055
248,247,3,614400,614400,0x00012001,"0x00012001|TS_MONOTONIC|SRC_SOE",269159,176723,50930.459,203.627,204.002
249,248,0,614400,614400,0x00012001,"0x00012001|TS_MONOTONIC|SRC_SOE",269159,376731,51131.035,200.576,200.008
250,249,1,614400,614400,0x00012001,"0x00012001|TS_MONOTONIC|SRC_SOE",269159,580742,51334.751,203.716,204.011
251,250,2,614400,614400,0x00012001,"0x00012001|TS_MONOTONIC|SRC_SOE",269159,784735,51538.264,203.514,203.993
252,251,3,614400,614400,0x00012001,"0x00012001|TS_MONOTONIC|SRC_SOE",269159,984749,51738.865,200.601,200.014
253,252,0,614400,614400,0x00012001,"0x00012001|TS_MONOTONIC|SRC_SOE",269160,200746,51955.110,216.245,215.997
254,253,1,614400,614400,0x00012001,"0x00012001|TS_MONOTONIC|SRC_SOE",269160,420754,52174.416,219.306,220.008
255,254,2,614400,614400,0x00012001,"0x00012001|TS_MONOTONIC|SRC_SOE",269160,620768,52374.967,200.551,200.014
256,255,3,614400,614400,0x00012001,"0x00012001|TS_MONOTONIC|SRC_SOE",269160,824773,52578.609,203.642,204.005
257,256,0,614400,614400,0x00012001,"0x00012001|TS_MONOTONIC|SRC_SOE",269161,24780,52779.116,200.508,200.007
258,257,1,614400,614400,0x00012001,"0x00012001|TS_MONOTONIC|SRC_SOE",269161,228777,52982.773,203.656,203.997
259,258,2,614400,614400,0x00012001,"0x00012001|TS_MONOTONIC|SRC_SOE",269161,432784,53186.436,203.663,204.007
260,259,3,614400,614400,0x00012001,"0x00012001|TS_MONOTONIC|SRC_SOE",269161,632813,53386.434,199.998,200.029
261,260,0,614400,614400,0x00012001,"0x00012001|TS_MONOTONIC|SRC_SOE",269161,848803,53603.161,216.728,215.990
262,261,1,614400,614400,0x00012001,"0x00012001|TS_MONOTONIC|SRC_SOE",269162,68808,53822.516,219.355,220.005
263,262,2,614400,614400,0x00012001,"0x00012001|TS_MONOTONIC|SRC_SOE",269162,268814,54023.089,200.573,200.006
264,263,3,614400,614400,0x00012001,"0x00012001|TS_MONOTONIC|SRC_SOE",269162,472820,54226.700,203.612,204.006
265,264,0,614400,614400,0x00012001,"0x00012001|TS_MONOTONIC|SRC_SOE",269162,672826,54427.250,200.549,200.006
266,265,1,614400,614400,0x00012001,"0x00012001|TS_MONOTONIC|SRC_SOE",269162,876831,54630.876,203.626,204.005
267,266,2,614400,614400,0x00012001,"0x00012001|TS_MONOTONIC|SRC_SOE",269163,92835,54847.096,216.220,216.004
268,267,3,614400,614400,0x00012001,"0x00012001|TS_MONOTONIC|SRC_SOE",269163,312837,55066.411,219.315,220.002
269,268,0,614400,614400,0x00012001,"0x00012001|TS_MONOTONIC|SRC_SOE",269163,512844,55266.960,200.550,200.007
270,269,1,614400,614400,0x00012001,"0x00012001|TS_MONOTONIC|SRC_SOE",269163,716871,55470.613,203.653,204.027
271,270,2,614400,614400,0x00012001,"0x00012001|TS_MONOTONIC|SRC_SOE",269163,916873,55671.129,200.516,200.002
272,271,3,614400,614400,0x00012001,"0x00012001|TS_MONOTONIC|SRC_SOE",269164,120861,55874.842,203.713,203.988
273,272,0,614400,614400,0x00012001,"0x00012001|TS_MONOTONIC|SRC_SOE",269164,336874,56091.059,216.217,216.013
274,273,1,614400,614400,0x00012001,"0x00012001|TS_MONOTONIC|SRC_SOE",269164,552880,56307.203,216.144,216.006
275,274,2,614400,614400,0x00012001,"0x00012001|TS_MONOTONIC|SRC_SOE",269164,756885,56510.860,203.657,204.005
276,275,3,614400,614400,0x00012001,"0x00012001|TS_MONOTONIC|SRC_SOE",269164,960884,56714.418,203.558,203.999
277,276,0,614400,614400,0x00012001,"0x00012001|TS_MONOTONIC|SRC_SOE",269165,176897,56930.628,216.211,216.013
278,277,1,614400,614400,0x00012001,"0x00012001|TS_MONOTONIC|SRC_SOE",269165,392904,57146.817,216.189,216.007
279,278,2,614400,614400,0x00012001,"0x00012001|TS_MONOTONIC|SRC_SOE",269165,596909,57350.555,203.737,204.005
280,279,3,614400,614400,0x00012001,"0x00012001|TS_MONOTONIC|SRC_SOE",269165,796921,57551.057,200.502,200.012
281,280,0,614400,614400,0x00012001,"0x00012001|TS_MONOTONIC|SRC_SOE",269166,915,57754.830,203.772,203.994
282,281,1,614400,614400,0x00012001,"0x00012001|TS_MONOTONIC|SRC_SOE",269166,200930,57955.315,200.485,200.015
283,282,2,614400,614400,0x00012001,"0x00012001|TS_MONOTONIC|SRC_SOE",269166,404933,58158.974,203.659,204.003
284,283,3,614400,614400,0x00012001,"0x00012001|TS_MONOTONIC|SRC_SOE",269166,608933,58362.657,203.683,204.000
285,284,0,614400,614400,0x00012001,"0x00012001|TS_MONOTONIC|SRC_SOE",269166,824946,58578.760,216.103,216.013
286,285,1,614400,614400,0x00012001,"0x00012001|TS_MONOTONIC|SRC_SOE",269167,40952,58795.055,216.295,216.006
287,286,2,614400,614400,0x00012001,"0x00012001|TS_MONOTONIC|SRC_SOE",269167,244957,58998.721,203.666,204.005
288,287,3,614400,614400,0x00012001,"0x00012001|TS_MONOTONIC|SRC_SOE",269167,444958,59199.209,200.488,200.001
289,288,0,614400,614400,0x00012001,"0x00012001|TS_MONOTONIC|SRC_SOE",269167,648976,59402.453,203.244,204.018
290,289,1,614400,614400,0x00012001,"0x00012001|TS_MONOTONIC|SRC_SOE",269167,852973,59606.557,204.104,203.997
291,290,2,614400,614400,0x00012001,"0x00012001|TS_MONOTONIC|SRC_SOE",269168,52980,59807.078,200.521,200.007
292,291,3,614400,614400,0x00012001,"0x00012001|TS_MONOTONIC|SRC_SOE",269168,256985,60010.733,203.655,204.005
293,292,0,614400,614400,0x00012001,"0x00012001|TS_MONOTONIC|SRC_SOE",269168,456987,60211.307,200.574,200.002
294,293,1,614400,614400,0x00012001,"0x00012001|TS_MONOTONIC|SRC_SOE",269168,660998,60414.950,203.643,204.011
295,294,2,614400,614400,0x00012001,"0x00012001|TS_MONOTONIC|SRC_SOE",269168,865002,60618.600,203.651,204.004
296,295,3,614400,614400,0x00012001,"0x00012001|TS_MONOTONIC|SRC_SOE",269169,65010,60819.117,200.517,200.008
297,296,0,614400,614400,0x00012001,"0x00012001|TS_MONOTONIC|SRC_SOE",269169,269015,61022.778,203.660,204.005
298,297,1,614400,614400,0x00012001,"0x00012001|TS_MONOTONIC|SRC_SOE",269169,469022,61223.289,200.512,200.007
299,298,2,614400,614400,0x00012001,"0x00012001|TS_MONOTONIC|SRC_SOE",269169,689025,61442.645,219.355,220.003
300,299,3,614400,614400,0x00012001,"0x00012001|TS_MONOTONIC|SRC_SOE",269169,905034,61658.828,216.184,216.009
